Time(ms),Distance(km),Latitude,Longitude,Accuracy(m),Altitude(m),Steps,Pace(min/km),Cadence,HeartRate,AbsTime,Used,FixTime(s),StepSensorTime(s),MaxAcc,MinAcc,ElevationGap(m),RR (ms)
0,0,13.01744,77.558137,37.69,845.1,0,0,0,0, 2020-04-24T19:09:18.827+0530 ,N ,254444156,0,0,0,-1,0
0,0,13.01763,77.55807,8,892.5,0,0,0,0, 2020-04-24T19:09:23.596+0530 ,Y ,254458365,0,0,0,0,0
4473,0.003177,13.017658,77.558066,7.55,892.5,0,23.28,0,150, 2020-04-24T19:09:28.070+0530 ,Y ,254462801,0,0,0,0,0
7250,0.003418,13.017659,77.558064,10.59,892.5,25,41.49,151,142, 2020-04-24T19:09:30.846+0530 ,Y ,254465642,9893,59.15,0.01,0,421
9751,0.00434,13.017659,77.558072,15.76,844.9,25,42.53,151,142, 2020-04-24T19:09:33.350+0530 ,Y ,254468144,9893,59.15,0.01,-47.6,421
12600,0.007026,13.017636,77.558079,18.13,844.9,25,35.45,151,142, 2020-04-24T19:09:36.197+0530 ,Y ,254470989,9893,59.15,0.01,0,421
15473,0.007026,13.017627,77.558079,20.69,844.9,25,35.45,151,142, 2020-04-24T19:09:39.071+0530 ,N ,254473864,9893,59.15,0.01,-1,421
17984,0.007026,13.017679,77.558072,22.11,844.9,49,35.45,144,149, 2020-04-24T19:09:41.581+0530 ,N ,254476384,19861,63.86,0,-1,304
21238,0.014142,13.017699,77.558069,24.53,844.9,49,23.25,144,149, 2020-04-24T19:09:44.834+0530 ,Y ,254479631,19861,63.86,0,0,304
24110,0.014142,13.017791,77.558072,24.94,844.9,49,23.25,144,149, 2020-04-24T19:09:47.707+0530 ,N ,254482506,19861,63.86,0,-1,304
26671,0.014142,13.017867,77.558069,20.49,844.9,74,23.25,150,112, 2020-04-24T19:09:50.268+0530 ,N ,254485065,29829,70.52,0,-1,664
29550,0.040399,13.017935,77.558094,19.69,845.6,74,10.09,150,112, 2020-04-24T19:09:53.151+0530 ,Y ,254487950,29829,70.52,0,0.7,664
32816,0.043252,13.017952,77.558114,19.89,843.5,74,10.18,150,112, 2020-04-24T19:09:56.413+0530 ,Y ,254491209,29829,70.52,0,-2.1,664
35931,0.044953,13.017963,77.558104,18.61,843.5,99,10.55,150,99, 2020-04-24T19:09:59.528+0530 ,Y ,254494309,39798,66.38,0.01,0,593
38727,0.046056,13.017956,77.558111,17.61,843.5,99,27.34,150,99, 2020-04-24T19:10:02.324+0530 ,Y ,254497115,39798,66.38,0.01,0,593
41535,0.047279,13.017945,77.558112,18.49,843.5,99,36.2,150,99, 2020-04-24T19:10:05.131+0530 ,Y ,254499931,39798,66.38,0.01,0,593
44043,0.047279,13.017929,77.558097,20.39,843.5,99,36.2,150,99, 2020-04-24T19:10:07.640+0530 ,N ,254502431,39798,66.38,0.01,-1,593
46952,0.047279,13.017923,77.558063,22.73,843.5,121,36.2,132,102, 2020-04-24T19:10:10.548+0530 ,N ,254505337,49767,42.63,0.01,-1,289
49836,0.056613,13.017894,77.558043,25.38,845.1,121,25.35,132,102, 2020-04-24T19:10:13.432+0530 ,Y ,254508231,49767,42.63,0.01,1.6,289
52464,0.056613,13.017737,77.558003,28.41,845.1,121,25.35,132,102, 2020-04-24T19:10:16.061+0530 ,N ,254510859,49767,42.63,0.01,-1,289
55339,0.056613,13.017699,77.557987,28.16,845.1,121,25.35,132,102, 2020-04-24T19:10:18.936+0530 ,N ,254513733,49767,42.63,0.01,-1,289
57922,0.082671,13.017674,77.557956,26.91,845.1,148,10.27,162,108, 2020-04-24T19:10:21.518+0530 ,Y ,254516313,59735,34.9,0.01,0,562
60765,0.082671,13.017632,77.557955,28.22,845.1,148,10.27,162,108, 2020-04-24T19:10:24.361+0530 ,N ,254519158,59735,34.9,0.01,-1,562
63657,0.082671,13.017572,77.557971,28.97,845.1,148,10.27,162,108, 2020-04-24T19:10:27.256+0530 ,N ,254522054,59735,34.9,0.01,-1,562
66525,0.100839,13.01752,77.558013,27.28,845.1,176,7.44,168,112, 2020-04-24T19:10:30.122+0530 ,Y ,254524920,69704,55.04,0.02,0,570
69400,0.100839,13.017416,77.558136,23,845.1,176,7.44,168,112, 2020-04-24T19:10:32.997+0530 ,N ,254527792,69704,55.04,0.02,-1,570
72558,0.100839,13.01734,77.558258,20.12,845.1,176,7.44,168,112, 2020-04-24T19:10:36.155+0530 ,N ,254530953,69704,55.04,0.02,-1,570
75125,0.136684,13.017312,77.558267,19.23,845.1,176,5.16,168,112, 2020-04-24T19:10:38.724+0530 ,Y ,254533513,69704,55.04,0.02,0,570
77973,0.140021,13.017283,77.558275,19.09,845.1,198,6.43,132,115, 2020-04-24T19:10:41.570+0530 ,Y ,254536359,79672,34.57,0,0,523
80842,0.140021,13.017236,77.558288,21.44,845.1,198,6.43,132,115, 2020-04-24T19:10:44.440+0530 ,N ,254539232,79672,34.57,0,-1,523
83725,0.140021,13.017181,77.558317,21.9,845.1,198,6.43,132,115, 2020-04-24T19:10:47.326+0530 ,N ,254542117,79672,34.57,0,-1,523
86584,0.156728,13.017147,77.558341,21.62,845.7,224,6.52,156,118, 2020-04-24T19:10:50.181+0530 ,Y ,254544973,89640,30.17,0,0.6,687
89430,0.156728,13.017097,77.558368,21.69,845.7,224,6.52,156,118, 2020-04-24T19:10:53.027+0530 ,N ,254547816,89640,30.17,0,-1,687
91947,0.156728,13.017062,77.558381,21.81,845.7,224,6.52,156,118, 2020-04-24T19:10:55.545+0530 ,N ,254550337,89640,30.17,0,-1,687
94469,0.17128,13.01703,77.558403,23.07,845.1,224,10.05,156,118, 2020-04-24T19:10:58.065+0530 ,Y ,254552859,89640,30.17,0,-0.6,687
97318,0.17128,13.016991,77.558435,22.83,845.1,248,10.05,144,119, 2020-04-24T19:11:00.914+0530 ,N ,254555713,99609,35.65,0,-1,500
100478,0.17128,13.016935,77.558476,22.66,845.1,248,10.05,144,119, 2020-04-24T19:11:04.075+0530 ,N ,254558873,99609,35.65,0,-1,500
103331,0.191631,13.01688,77.558511,23.75,845.1,248,8.13,144,119, 2020-04-24T19:11:06.927+0530 ,Y ,254561718,99609,35.65,0,0,500
105827,0.191631,13.016834,77.558539,24.63,845.1,272,8.13,144,117, 2020-04-24T19:11:09.423+0530 ,N ,254564218,109577,29.01,0,-1,492
108619,0.191631,13.016792,77.55857,25.11,845.1,272,8.13,144,117, 2020-04-24T19:11:12.215+0530 ,N ,254567015,109577,29.01,0,-1,492
111801,0.20862,13.016765,77.558615,24.63,845.1,272,8.08,144,117, 2020-04-24T19:11:15.399+0530 ,Y ,254570195,109577,29.01,0,0,492
114979,0.20862,13.016707,77.558657,24.94,845.1,272,8.08,144,117, 2020-04-24T19:11:18.576+0530 ,N ,254573374,109577,29.01,0,-1,492
117861,0.20862,13.016681,77.558685,24.95,845.1,296,8.08,144,119, 2020-04-24T19:11:21.457+0530 ,N ,254576253,119545,29.23,0.01,-1,515
120975,0.225255,13.016648,77.558712,25.63,845.1,296,8.11,144,119, 2020-04-24T19:11:24.572+0530 ,Y ,254579370,119545,29.23,0.01,0,515
123746,0.225255,13.016604,77.558744,26.27,845.1,296,8.11,144,119, 2020-04-24T19:11:27.345+0530 ,N ,254582137,119545,29.23,0.01,-1,515
127429,0.225255,13.016533,77.558797,27.03,845.1,320,8.11,144,119, 2020-04-24T19:11:31.026+0530 ,N ,254585819,129514,35.69,0,-1,500
130940,0.247569,13.016495,77.558846,27,845.1,320,8.15,144,119, 2020-04-24T19:11:34.536+0530 ,Y ,254589332,129514,35.69,0,0,500
133801,0.247569,13.016466,77.558888,27.06,845.1,320,8.15,144,119, 2020-04-24T19:11:37.398+0530 ,N ,254592198,129514,35.69,0,-1,500
136630,0.247569,13.016428,77.558935,29.13,845.1,345,8.15,150,121, 2020-04-24T19:11:40.226+0530 ,N ,254595013,139482,49.39,0.02,-1,257
139829,0.266917,13.016383,77.558983,31.39,845.1,345,8.02,150,121, 2020-04-24T19:11:43.426+0530 ,Y ,254598214,139482,49.39,0.02,0,257
142663,0.266917,13.016337,77.559032,31.45,845.1,345,8.02,150,121, 2020-04-24T19:11:46.260+0530 ,N ,254601058,139482,49.39,0.02,-1,257
145494,0.266917,13.016302,77.559061,29.5,845.1,373,8.02,168,123, 2020-04-24T19:11:49.091+0530 ,N ,254603893,149450,45.37,0,-1,460
148354,0.286533,13.016249,77.559101,29.25,836,373,7.27,168,123, 2020-04-24T19:11:51.950+0530 ,Y ,254606744,149450,45.37,0,-9.1,460
151386,0.286533,13.01619,77.559128,28.87,836,373,7.27,168,123, 2020-04-24T19:11:54.982+0530 ,N ,254609771,149450,45.37,0,-1,460
154321,0.286533,13.016084,77.559115,28.48,836,373,7.27,168,123, 2020-04-24T19:11:57.920+0530 ,N ,254612715,149450,45.37,0,-1,460
157483,0.312109,13.01602,77.559135,27.32,835,399,6.52,156,119, 2020-04-24T19:12:01.081+0530 ,Y ,254615876,159418,25.93,0.01,-1,335
160294,0.312109,13.015959,77.559143,25.71,835,399,6.52,156,119, 2020-04-24T19:12:03.891+0530 ,N ,254618690,159418,25.93,0.01,-1,335
162999,0.312109,13.015915,77.559158,25.18,835,399,6.52,156,119, 2020-04-24T19:12:06.596+0530 ,N ,254621386,159418,25.93,0.01,-1,335
165901,0.33099,13.015853,77.55917,25.28,831,423,6.48,144,117, 2020-04-24T19:12:09.498+0530 ,Y ,254624292,169386,26.55,0.01,-4,507
168734,0.33099,13.015775,77.559192,25.18,831,423,6.48,144,117, 2020-04-24T19:12:12.330+0530 ,N ,254627117,169386,26.55,0.01,-1,507
171601,0.33099,13.015733,77.559207,25.25,831,423,6.48,144,117, 2020-04-24T19:12:15.198+0530 ,N ,254629993,169386,26.55,0.01,-1,507
174776,0.352792,13.015669,77.559241,25.53,830,423,6.4,144,117, 2020-04-24T19:12:18.374+0530 ,Y ,254633172,169386,26.55,0.01,-1,507
177278,0.352792,13.015624,77.559266,25.7,830,448,6.4,150,117, 2020-04-24T19:12:20.874+0530 ,N ,254635674,179354,46.86,0.02,-1,476
180150,0.352792,13.015569,77.559298,25.6,830,448,6.4,150,117, 2020-04-24T19:12:23.747+0530 ,N ,254638537,179354,46.86,0.02,-1,476
183003,0.372104,13.015517,77.55933,25.47,829,448,7.06,150,117, 2020-04-24T19:12:26.601+0530 ,Y ,254641380,179354,46.86,0.02,-1,476
185905,0.372104,13.015441,77.559376,25.39,829,474,7.06,156,121, 2020-04-24T19:12:29.501+0530 ,N ,254644296,189321,37.75,0.01,-1,507
188758,0.372104,13.015374,77.559415,25.02,829,474,7.06,156,121, 2020-04-24T19:12:32.356+0530 ,N ,254647151,189321,37.75,0.01,-1,507
191428,0.395691,13.015339,77.559448,24.33,832,474,6.35,156,121, 2020-04-24T19:12:35.025+0530 ,Y ,254649820,189321,37.75,0.01,3,507
194648,0.395691,13.015358,77.559484,23.36,832,474,6.35,156,121, 2020-04-24T19:12:38.245+0530 ,N ,254653039,189321,37.75,0.01,-1,507
197478,0.395691,13.015371,77.559471,21.85,832,499,6.35,150,124, 2020-04-24T19:12:41.075+0530 ,N ,254655873,199289,60.86,0,-1,640
200309,0.401348,13.01539,77.559452,19.97,830,499,8.39,150,124, 2020-04-24T19:12:43.906+0530 ,Y ,254658700,199289,60.86,0,-2,640
203003,0.404597,13.015409,77.55943,19.75,829,499,10.46,150,124, 2020-04-24T19:12:46.599+0530 ,Y ,254661371,199289,60.86,0,-1,640
205954,0.404597,13.015459,77.559392,20.42,829,523,10.46,144,114, 2020-04-24T19:12:49.551+0530 ,N ,254664351,209256,51.91,0.01,-1,453
208804,0.404597,13.01546,77.559381,21.87,829,523,10.46,144,114, 2020-04-24T19:12:52.401+0530 ,N ,254667196,209256,51.91,0.01,-1,453
211637,0.416091,13.015479,77.559352,23.18,830,523,15.45,144,114, 2020-04-24T19:12:55.235+0530 ,Y ,254670032,209256,51.91,0.01,1,453
214511,0.416091,13.015505,77.559312,24.77,830,523,15.45,144,114, 2020-04-24T19:12:58.108+0530 ,N ,254672895,209256,51.91,0.01,-1,453
217044,0.416091,13.015508,77.559302,26.17,830,551,15.45,168,120, 2020-04-24T19:13:00.640+0530 ,N ,254675437,219223,36.19,0,-1,507
220205,0.425089,13.015521,77.559281,27.89,831,551,13.56,168,120, 2020-04-24T19:13:03.802+0530 ,Y ,254678596,219223,36.19,0,1,507
223055,0.425089,13.015535,77.559255,29.55,831,551,13.56,168,120, 2020-04-24T19:13:06.651+0530 ,N ,254681450,219223,36.19,0,-1,507
226268,0.425089,13.015553,77.559216,32,831,579,13.56,168,118, 2020-04-24T19:13:09.865+0530 ,N ,254684652,229191,41.62,0,-1,460
229065,0.437518,13.015564,77.559175,33.34,831,579,13.13,168,118, 2020-04-24T19:13:12.661+0530 ,Y ,254687377,229191,41.62,0,0,460
231935,0.437518,13.015571,77.559149,33.38,831,579,13.13,168,118, 2020-04-24T19:13:15.532+0530 ,N ,254690331,229191,41.62,0,-1,460
234465,0.437518,13.015589,77.55912,34.03,831,579,13.13,168,118, 2020-04-24T19:13:18.062+0530 ,N ,254692853,229191,41.62,0,-1,460
237289,0.447496,13.015611,77.559097,35.33,828,606,13.38,162,122, 2020-04-24T19:13:20.886+0530 ,Y ,254695676,239158,50.85,0,-3,343
240093,0.447496,13.015631,77.55907,36.51,828,606,13.38,162,122, 2020-04-24T19:13:23.690+0530 ,N ,254698491,239158,50.85,0,-1,343
243214,0.447496,13.015652,77.559041,38.57,828,606,13.38,162,122, 2020-04-24T19:13:26.812+0530 ,N ,254701613,239158,50.85,0,-1,343
245729,0.459542,13.015678,77.559009,40.23,827,634,12.22,168,122, 2020-04-24T19:13:29.326+0530 ,Y ,254704113,249126,67.36,0.01,-1,507
248546,0.459542,13.01573,77.558968,40.63,827,634,12.22,168,122, 2020-04-24T19:13:32.143+0530 ,N ,254706939,249126,67.36,0.01,-1,507
251340,0.459542,13.015787,77.558957,39.87,827,634,12.22,168,122, 2020-04-24T19:13:34.938+0530 ,N ,254709734,249126,67.36,0.01,-1,507
254188,0.484,13.015888,77.558937,37.98,828,634,9.02,168,122, 2020-04-24T19:13:37.785+0530 ,Y ,254712579,249126,67.36,0.01,1,507
256967,0.484,13.016085,77.559021,37.73,828,662,9.02,168,122, 2020-04-24T19:13:40.564+0530 ,N ,254715356,259093,37.78,0.01,-1,968
259788,0.484,13.016163,77.558987,36.44,828,662,9.02,168,122, 2020-04-24T19:13:43.384+0530 ,N ,254718170,259093,37.78,0.01,-1,968
263320,0.524533,13.016254,77.558951,31.98,832,662,5.43,168,122, 2020-04-24T19:13:46.916+0530 ,Y ,254721715,259093,37.78,0.01,4,968
266038,0.524533,13.016308,77.558932,29.09,832,688,5.43,156,122, 2020-04-24T19:13:49.635+0530 ,N ,254724433,269061,56.04,0.01,-1,335
269014,0.524533,13.016388,77.558892,26.95,832,688,5.43,156,122, 2020-04-24T19:13:52.610+0530 ,N ,254727377,269061,56.04,0.01,-1,335
271892,0.551514,13.016469,77.558834,23.34,833,688,4.46,156,122, 2020-04-24T19:13:55.490+0530 ,Y ,254730290,269061,56.04,0.01,1,335
274466,0.5687,13.01658,77.558724,19.74,848.1,688,3.3,156,122, 2020-04-24T19:13:58.063+0530 ,Y ,254732849,269061,56.04,0.01,15.1,335
277245,0.572769,13.016612,77.558705,18.4,848.1,717,4.26,174,121, 2020-04-24T19:14:00.843+0530 ,Y ,254735636,279029,53.34,0.01,0,437
280060,0.576599,13.016643,77.558689,18.68,848.1,717,5.16,174,121, 2020-04-24T19:14:03.662+0530 ,Y ,254738452,279029,53.34,0.01,0,437
282926,0.580935,13.016676,77.558667,19.73,848.1,717,11.32,174,121, 2020-04-24T19:14:06.524+0530 ,Y ,254741317,279029,53.34,0.01,0,437
285902,0.580935,13.016722,77.558621,21.06,848.1,743,11.32,156,121, 2020-04-24T19:14:09.499+0530 ,N ,254744293,288996,52.63,0.02,-1,367
288788,0.580935,13.01676,77.558542,21.72,848.1,743,11.32,156,121, 2020-04-24T19:14:12.384+0530 ,N ,254747174,288996,52.63,0.02,-1,367
291930,0.604528,13.016807,77.558495,22.3,845.1,743,9.06,156,121, 2020-04-24T19:14:15.527+0530 ,Y ,254750315,288996,52.63,0.02,-3,367
294789,0.604528,13.016871,77.558439,23.42,845.1,767,9.06,144,125, 2020-04-24T19:14:18.385+0530 ,N ,254753171,298964,50.84,0.02,-1,343
297298,0.604528,13.016921,77.558442,23.85,845.1,767,9.06,144,125, 2020-04-24T19:14:20.894+0530 ,N ,254755690,298964,50.84,0.02,-1,343
300128,0.624073,13.016968,77.558421,24.62,845.1,767,7.4,144,125, 2020-04-24T19:14:23.725+0530 ,Y ,254758517,298964,50.84,0.02,0,343
303040,0.624073,13.017028,77.558387,25.38,845.1,767,7.4,144,125, 2020-04-24T19:14:26.641+0530 ,N ,254761440,298964,50.84,0.02,-1,343
306207,0.624073,13.017154,77.55835,23.58,845.1,794,7.4,162,129, 2020-04-24T19:14:29.803+0530 ,N ,254764599,308932,62.81,0.01,-1,515
309021,0.657426,13.017256,77.558331,19.16,845.1,794,5.43,162,129, 2020-04-24T19:14:32.617+0530 ,Y ,254767391,308932,62.81,0.01,0,515
311567,0.662835,13.017302,77.558315,19.86,845.1,794,6.03,162,129, 2020-04-24T19:14:35.164+0530 ,Y ,254769955,308932,62.81,0.01,0,515
314418,0.662835,13.017352,77.558299,20.92,845.1,794,6.03,162,129, 2020-04-24T19:14:38.014+0530 ,N ,254772810,308932,62.81,0.01,-1,515
317264,0.662835,13.017384,77.558282,21.43,845.1,822,6.03,168,129, 2020-04-24T19:14:40.861+0530 ,N ,254775655,318900,54.85,0.02,-1,359
319995,0.675949,13.017411,77.558267,22.27,845.1,822,6.44,168,129, 2020-04-24T19:14:43.591+0530 ,Y ,254778370,318900,54.85,0.02,0,359
322981,0.675949,13.017449,77.558244,23.44,845.1,822,6.44,168,129, 2020-04-24T19:14:46.577+0530 ,N ,254781375,318900,54.85,0.02,-1,359
325483,0.675949,13.017515,77.558217,23.96,845.1,849,6.44,162,135, 2020-04-24T19:14:49.080+0530 ,N ,254783875,328867,73.9,0.01,-1,367
327990,0.691178,13.017534,77.558205,22.84,845.1,849,8.57,162,135, 2020-04-24T19:14:51.587+0530 ,Y ,254786379,328867,73.9,0.01,0,367
330804,0.691178,13.017617,77.558153,22.62,845.1,849,8.57,162,135, 2020-04-24T19:14:54.405+0530 ,N ,254789192,328867,73.9,0.01,-1,367
333619,0.691178,13.017676,77.558125,23.08,845.1,849,8.57,162,135, 2020-04-24T19:14:57.216+0530 ,N ,254792017,328867,73.9,0.01,-1,367
336459,0.714343,13.017721,77.558107,23.48,845.1,877,8.04,168,141, 2020-04-24T19:15:00.055+0530 ,Y ,254794852,338835,63.36,0.02,0,265
339284,0.714343,13.017768,77.55808,24.87,845.1,877,8.04,168,141, 2020-04-24T19:15:02.881+0530 ,N ,254797679,338835,63.36,0.02,-1,265
342239,0.714343,13.017826,77.55806,26.23,845.1,877,8.04,168,141, 2020-04-24T19:15:05.836+0530 ,N ,254800632,338835,63.36,0.02,-1,265
345079,0.724659,13.017811,77.558083,25.53,845.1,901,8.34,144,138, 2020-04-24T19:15:08.676+0530 ,Y ,254803479,348803,53.29,0.01,0,367
347940,0.724659,13.017789,77.558099,23.47,845.1,901,8.34,144,138, 2020-04-24T19:15:11.536+0530 ,N ,254806332,348803,53.29,0.01,-1,367
350745,0.724659,13.017756,77.558125,21.08,845.1,901,8.34,144,138, 2020-04-24T19:15:14.341+0530 ,N ,254809119,348803,53.29,0.01,-1,367
353537,0.737101,13.017716,77.558144,20.17,845.1,901,9.15,144,138, 2020-04-24T19:15:17.134+0530 ,Y ,254811933,348803,53.29,0.01,0,367
356313,0.741233,13.017687,77.558168,19.87,845.1,928,12.02,162,143, 2020-04-24T19:15:19.910+0530 ,Y ,254814699,358771,49.12,0.01,0,664
359096,0.741233,13.017652,77.558203,20.76,845.1,928,12.02,162,143, 2020-04-24T19:15:22.699+0530 ,N ,254817495,358771,49.12,0.01,-1,664
361874,0.741233,13.017624,77.55823,22.36,845.1,928,12.02,162,143, 2020-04-24T19:15:25.471+0530 ,N ,254820255,358771,49.12,0.01,-1,664
364661,0.755468,13.017589,77.558254,23.82,845.1,955,10.43,162,140, 2020-04-24T19:15:28.258+0530 ,Y ,254823057,368739,45.92,0.02,0,515
367424,0.755468,13.017574,77.558252,23.23,845.1,955,10.43,162,140, 2020-04-24T19:15:31.022+0530 ,N ,254825814,368739,45.92,0.02,-1,515
370178,0.755468,13.017546,77.558269,23.67,845.1,955,10.43,162,140, 2020-04-24T19:15:33.775+0530 ,N ,254828571,368739,45.92,0.02,-1,515
373297,0.766113,13.017501,77.558293,25.52,845.5,955,11.18,162,140, 2020-04-24T19:15:36.894+0530 ,Y ,254831691,368739,45.92,0.02,0.4,515
376083,0.766113,13.017468,77.558323,26.74,845.5,979,11.18,144,140, 2020-04-24T19:15:39.680+0530 ,N ,254834478,378707,49.31,0.01,-1,453
378605,0.766113,13.017378,77.558308,25.88,845.5,979,11.18,144,140, 2020-04-24T19:15:42.202+0530 ,N ,254837000,378707,49.31,0.01,-1,453
381374,0.786067,13.017332,77.558357,22.49,845.1,979,9.15,144,140, 2020-04-24T19:15:44.974+0530 ,Y ,254839773,378707,49.31,0.01,-0.4,453
384163,0.786067,13.017288,77.558379,22.8,845.1,979,9.15,144,140, 2020-04-24T19:15:47.761+0530 ,N ,254842549,378707,49.31,0.01,-1,453
387277,0.786067,13.017242,77.5584,23.92,845.1,1005,9.15,156,137, 2020-04-24T19:15:50.873+0530 ,N ,254845673,388675,47.43,0,-1,257
390413,0.804881,13.017176,77.558427,24.55,845.1,1005,8.39,156,137, 2020-04-24T19:15:54.016+0530 ,Y ,254848811,388675,47.43,0,0,257
393251,0.804881,13.017117,77.558441,23.73,845.1,1005,8.39,156,137, 2020-04-24T19:15:56.847+0530 ,N ,254851644,388675,47.43,0,-1,257
396432,0.804881,13.017077,77.558434,22.68,845.1,1032,8.39,162,134, 2020-04-24T19:16:00.028+0530 ,N ,254854817,398643,40.87,0.01,-1,398
399619,0.820338,13.017038,77.558448,23.47,845.1,1032,8.01,162,134, 2020-04-24T19:16:03.215+0530 ,Y ,254857998,398643,40.87,0.01,0,398
403087,0.820338,13.016988,77.558475,25.01,845.1,1032,8.01,162,134, 2020-04-24T19:16:06.684+0530 ,N ,254861473,398643,40.87,0.01,-1,398
405885,0.820338,13.016934,77.558499,25.85,845.1,1059,8.01,162,132, 2020-04-24T19:16:09.482+0530 ,N ,254864277,408611,38.94,0.02,-1,460
408667,0.839207,13.016887,77.558528,26.15,845.1,1059,8.33,162,132, 2020-04-24T19:16:12.264+0530 ,Y ,254867054,408611,38.94,0.02,0,460
411494,0.839207,13.016831,77.558556,27.49,845.1,1059,8.33,162,132, 2020-04-24T19:16:15.091+0530 ,N ,254869880,408611,38.94,0.02,-1,460
414249,0.839207,13.016782,77.558579,29.18,845.1,1083,8.33,144,133, 2020-04-24T19:16:17.846+0530 ,N ,254872634,418578,42.01,0.01,-1,257
417040,0.856878,13.016744,77.558601,31.5,845.1,1083,8.31,144,133, 2020-04-24T19:16:20.636+0530 ,Y ,254875430,418578,42.01,0.01,0,257
419999,0.856878,13.016669,77.558645,33.81,845.1,1083,8.31,144,133, 2020-04-24T19:16:23.595+0530 ,N ,254878367,418578,42.01,0.01,-1,257
422581,0.856878,13.016629,77.558672,35,845.1,1083,8.31,144,133, 2020-04-24T19:16:26.178+0530 ,N ,254880974,418578,42.01,0.01,-1,257
425387,0.877343,13.016587,77.5587,36.13,845.1,1107,7.31,144,130, 2020-04-24T19:16:28.984+0530 ,Y ,254883779,428546,53.29,0,0,328
428835,0.877343,13.016538,77.558728,36.2,845.1,1107,7.31,144,130, 2020-04-24T19:16:32.432+0530 ,N ,254887234,428546,53.29,0,-1,328
431942,0.877343,13.016512,77.558764,33.44,845.1,1107,7.31,144,130, 2020-04-24T19:16:35.538+0530 ,N ,254890335,428546,53.29,0,-1,328
435077,0.895434,13.016464,77.55881,31.7,853,1130,7.47,138,131, 2020-04-24T19:16:38.673+0530 ,Y ,254893475,438513,50.1,0.01,7.9,382
438263,0.895434,13.016444,77.55883,31.7,853,1130,7.47,138,131, 2020-04-24T19:16:41.860+0530 ,N ,254896655,438513,50.1,0.01,-1,382
441371,0.895434,13.016382,77.558869,30.9,853,1130,7.47,138,131, 2020-04-24T19:16:44.967+0530 ,N ,254899757,438513,50.1,0.01,-1,382
444012,0.910817,13.016355,77.558898,30.78,838,1130,8.17,138,131, 2020-04-24T19:16:47.608+0530 ,Y ,254902382,438513,50.1,0.01,-15,382
446885,0.910817,13.016318,77.558939,30.23,838,1158,8.17,168,127, 2020-04-24T19:16:50.482+0530 ,N ,254905279,448481,60.11,0,-1,460
450689,0.910817,13.016253,77.559011,31.08,838,1158,8.17,168,127, 2020-04-24T19:16:54.285+0530 ,N ,254909080,448481,60.11,0,-1,460
453829,0.93265,13.01622,77.559045,31.95,838,1158,8.36,168,127, 2020-04-24T19:16:57.428+0530 ,Y ,254912221,448481,60.11,0,0,460
457301,0.93265,13.016171,77.559114,32.17,838,1184,8.36,156,132, 2020-04-24T19:17:00.898+0530 ,N ,254915694,458447,55.92,0,-1,492
460096,0.93265,13.016131,77.559179,32.49,838,1184,8.36,156,132, 2020-04-24T19:17:03.692+0530 ,N ,254918490,458447,55.92,0,-1,492
462878,0.956646,13.016099,77.559229,32.54,830,1184,7.35,156,132, 2020-04-24T19:17:06.477+0530 ,Y ,254921276,458447,55.92,0,-8,492
465654,0.956646,13.016059,77.559269,32.58,830,1212,7.35,168,131, 2020-04-24T19:17:09.253+0530 ,N ,254924053,468415,40.01,0.01,-1,515
468477,0.956646,13.01602,77.559304,33.07,830,1212,7.35,168,131, 2020-04-24T19:17:12.073+0530 ,N ,254926877,468415,40.01,0.01,-1,515
471253,0.979431,13.015935,77.559356,33.48,825,1212,6.35,168,131, 2020-04-24T19:17:14.850+0530 ,Y ,254929654,468415,40.01,0.01,-5,515
473995,0.979431,13.015874,77.55938,33.67,825,1212,6.35,168,131, 2020-04-24T19:17:17.592+0530 ,N ,254932374,468415,40.01,0.01,-1,515
476843,0.979431,13.015764,77.559426,33.09,825,1238,6.35,156,139, 2020-04-24T19:17:20.439+0530 ,N ,254935236,478382,46.39,0.01,-1,507
479962,1.009422,13.015682,77.559455,33.05,826,1238,5.4,156,139, 2020-04-24T19:17:23.559+0530 ,Y ,254938356,478382,46.39,0.01,1,507
482780,1.009422,13.01561,77.559476,32.99,826,1238,5.4,156,139, 2020-04-24T19:17:26.376+0530 ,N ,254941175,478382,46.39,0.01,-1,507
485978,1.009422,13.015387,77.559492,31.02,826,1266,5.4,168,129, 2020-04-24T19:17:29.574+0530 ,N ,254944372,488350,47.31,0.01,-1,898
489021,1.04954,13.015327,77.559531,29.56,834,1266,4.43,168,129, 2020-04-24T19:17:32.618+0530 ,Y ,254947382,488350,47.31,0.01,8,898
491589,1.04954,13.01526,77.559568,29.97,834,1266,4.43,168,129, 2020-04-24T19:17:35.185+0530 ,N ,254949973,488350,47.31,0.01,-1,898
494387,1.04954,13.015207,77.559601,30.03,834,1292,4.43,156,127, 2020-04-24T19:17:37.985+0530 ,N ,254952779,498318,47.53,0,-1,375
497455,1.076406,13.015107,77.559635,28.43,834,1292,4.31,156,127, 2020-04-24T19:17:41.052+0530 ,Y ,254955850,498318,47.53,0,0,375
500278,1.076406,13.014948,77.5597,27.25,834,1292,4.31,156,127, 2020-04-24T19:17:43.874+0530 ,N ,254958675,498318,47.53,0,-1,375
503135,1.076406,13.014855,77.559755,26.85,834,1292,4.31,156,127, 2020-04-24T19:17:46.732+0530 ,N ,254961532,498318,47.53,0,-1,375
505964,1.11103,13.014818,77.559758,25.77,837,1319,4.17,162,130, 2020-04-24T19:17:49.560+0530 ,Y ,254964356,508286,42.54,0,3,453
509000,1.11103,13.014812,77.55975,23.93,837,1319,4.17,162,130, 2020-04-24T19:17:52.597+0530 ,N ,254967372,508286,42.54,0,-1,453
511925,1.11103,13.014803,77.559724,23.73,837,1319,4.17,162,130, 2020-04-24T19:17:55.521+0530 ,N ,254970315,508286,42.54,0,-1,453
514686,1.116998,13.014797,77.559707,23.91,829,1343,6.18,144,134, 2020-04-24T19:17:58.285+0530 ,Y ,254973078,518253,62.11,0.01,-8,453
517437,1.116998,13.014799,77.559665,24.97,829,1343,6.18,144,134, 2020-04-24T19:18:01.034+0530 ,N ,254975833,518253,62.11,0.01,-1,453
520246,1.116998,13.014836,77.559648,27.23,829,1343,6.18,144,134, 2020-04-24T19:18:03.844+0530 ,N ,254978631,518253,62.11,0.01,-1,453
523039,1.127633,13.014868,77.559641,29.41,835,1343,8.18,144,134, 2020-04-24T19:18:06.635+0530 ,Y ,254981430,518253,62.11,0.01,6,453
525822,1.127633,13.014926,77.559632,31.49,835,1369,8.18,156,139, 2020-04-24T19:18:09.419+0530 ,N ,254984212,528221,46.4,0,-1,507
528626,1.127633,13.01498,77.559608,32.08,835,1369,8.18,156,139, 2020-04-24T19:18:12.222+0530 ,N ,254987018,528221,46.4,0,-1,507
531770,1.152375,13.015079,77.559566,32.24,829,1369,10.26,156,139, 2020-04-24T19:18:15.367+0530 ,Y ,254990160,528221,46.4,0,-6,507
534504,1.152375,13.015133,77.559542,33.15,829,1395,10.26,156,137, 2020-04-24T19:18:18.101+0530 ,N ,254992894,538189,61.64,0.02,-1,421
537621,1.152375,13.015241,77.559486,32.38,829,1395,10.26,156,137, 2020-04-24T19:18:21.217+0530 ,N ,254996015,538189,61.64,0.02,-1,421
540426,1.179054,13.015295,77.559455,30.92,828,1395,6.57,156,137, 2020-04-24T19:18:24.024+0530 ,Y ,254998813,538189,61.64,0.02,-1,421
543579,1.179054,13.015342,77.559423,30.51,828,1395,6.57,156,137, 2020-04-24T19:18:27.175+0530 ,N ,255001971,538189,61.64,0.02,-1,421
546691,1.179054,13.015386,77.559371,30.32,828,1424,6.57,174,132, 2020-04-24T19:18:30.287+0530 ,N ,255005092,548156,40.81,0.01,-1,257
549474,1.198457,13.015417,77.559327,30.18,828,1424,6.12,174,132, 2020-04-24T19:18:33.070+0530 ,Y ,255007859,548156,40.81,0.01,0,257
552589,1.198457,13.015442,77.559298,32.75,828,1424,6.12,174,132, 2020-04-24T19:18:36.185+0530 ,N ,255010980,548156,40.81,0.01,-1,257
555338,1.198457,13.015466,77.55927,35.24,828,1451,6.12,162,139, 2020-04-24T19:18:38.934+0530 ,N ,255013735,558124,43.61,0,-1,421
558498,1.213547,13.015511,77.559227,37.55,829,1451,7.15,162,139, 2020-04-24T19:18:42.095+0530 ,Y ,255016895,558124,43.61,0,1,421
561238,1.213547,13.01555,77.559197,39.56,829,1451,7.15,162,139, 2020-04-24T19:18:44.834+0530 ,N ,255019633,558124,43.61,0,-1,421
564003,1.213547,13.01559,77.559166,40.25,829,1473,7.15,132,136, 2020-04-24T19:18:47.599+0530 ,N ,255022378,568091,42.75,0.01,-1,312
567129,1.232244,13.015654,77.559134,39.47,834,1473,8.21,132,136, 2020-04-24T19:18:50.729+0530 ,Y ,255025519,568091,42.75,0.01,5,312
569951,1.232244,13.01571,77.559105,39.53,834,1473,8.21,132,136, 2020-04-24T19:18:53.549+0530 ,N ,255028336,568091,42.75,0.01,-1,312
573033,1.232244,13.015792,77.559067,39.3,834,1473,8.21,132,136, 2020-04-24T19:18:56.629+0530 ,N ,255031435,568091,42.75,0.01,-1,312
576561,1.26128,13.015887,77.55901,38.08,832,1500,7.14,162,132, 2020-04-24T19:19:00.157+0530 ,Y ,255034920,578059,44.89,0,-2,460
579267,1.26128,13.015946,77.558976,36.17,832,1500,7.14,162,132, 2020-04-24T19:19:02.863+0530 ,N ,255037658,578059,44.89,0,-1,460
582039,1.26128,13.016044,77.558895,34.34,832,1500,7.14,162,132, 2020-04-24T19:19:05.636+0530 ,N ,255040436,578059,44.89,0,-1,460
584812,1.289849,13.016103,77.558867,33.03,830,1525,5.45,150,131, 2020-04-24T19:19:08.409+0530 ,Y ,255043209,588027,42.3,0.01,-2,445
588264,1.289849,13.016171,77.558844,32.2,830,1525,5.45,150,131, 2020-04-24T19:19:11.861+0530 ,N ,255046655,588027,42.3,0.01,-1,445
591300,1.289849,13.016253,77.558808,30.2,830,1525,5.45,150,131, 2020-04-24T19:19:14.897+0530 ,N ,255049697,588027,42.3,0.01,-1,445
594446,1.313569,13.016301,77.558782,28.81,837,1549,5.33,144,129, 2020-04-24T19:19:18.042+0530 ,Y ,255052838,597994,65.31,0.01,7,320
597205,1.313569,13.016384,77.55872,28.1,837,1549,5.33,144,129, 2020-04-24T19:19:20.802+0530 ,N ,255055595,597994,65.31,0.01,-1,320
599981,1.313569,13.016437,77.558689,27.02,837,1549,5.33,144,129, 2020-04-24T19:19:23.577+0530 ,N ,255058373,597994,65.31,0.01,-1,320
602785,1.33749,13.016473,77.558649,27.57,844,1549,5.41,144,129, 2020-04-24T19:19:26.382+0530 ,Y ,255061176,597994,65.31,0.01,7,320
605562,1.33749,13.016602,77.558616,28.15,844,1576,5.41,162,129, 2020-04-24T19:19:29.158+0530 ,N ,255063953,607963,37.93,0.01,-1,414
608363,1.33749,13.016635,77.558576,27.6,844,1576,5.41,162,129, 2020-04-24T19:19:31.960+0530 ,N ,255066760,607963,37.93,0.01,-1,414
611158,1.364521,13.016686,77.558527,27.38,847,1576,5.51,162,129, 2020-04-24T19:19:34.754+0530 ,Y ,255069555,607963,37.93,0.01,3,414
614005,1.364521,13.016718,77.558492,28.12,847,1601,5.51,150,127, 2020-04-24T19:19:37.602+0530 ,N ,255072377,617931,42.06,0,-1,382
616762,1.364521,13.016769,77.558451,28.63,847,1601,5.51,150,127, 2020-04-24T19:19:40.359+0530 ,N ,255075155,617931,42.06,0,-1,382
619864,1.384307,13.016835,77.558425,27.75,846,1601,5.58,150,127, 2020-04-24T19:19:43.466+0530 ,Y ,255078257,617931,42.06,0,-1,382
622987,1.384307,13.017004,77.558406,26,846,1601,5.58,150,127, 2020-04-24T19:19:46.585+0530 ,N ,255081367,617931,42.06,0,-1,382
625816,1.384307,13.017079,77.55838,23.9,846,1628,5.58,162,133, 2020-04-24T19:19:49.413+0530 ,N ,255084212,627898,39.64,0,-1,257
628915,1.417361,13.017124,77.558347,23.65,845.7,1628,5.28,162,133, 2020-04-24T19:19:52.513+0530 ,Y ,255087313,627898,39.64,0,-0.3,257
631751,1.417361,13.017191,77.558301,24.03,845.7,1628,5.28,162,133, 2020-04-24T19:19:55.348+0530 ,N ,255090138,627898,39.64,0,-1,257
634886,1.417361,13.017241,77.558281,23.56,845.7,1654,5.28,156,132, 2020-04-24T19:19:58.483+0530 ,N ,255093279,637866,74.03,0,-1,429
637642,1.440309,13.017311,77.558256,22.76,845.1,1654,5.51,156,132, 2020-04-24T19:20:01.239+0530 ,Y ,255096036,637866,74.03,0,-0.6,429
640482,1.440309,13.017354,77.558237,22.34,845.1,1654,5.51,156,132, 2020-04-24T19:20:04.078+0530 ,N ,255098871,637866,74.03,0,-1,429
643616,1.440309,13.01744,77.558193,21.59,845.1,1680,5.51,156,135, 2020-04-24T19:20:07.212+0530 ,N ,255102010,647834,45.49,0,-1,390
646387,1.465297,13.017515,77.558157,21.5,844.9,1680,5.28,156,135, 2020-04-24T19:20:09.984+0530 ,Y ,255104778,647834,45.49,0,-0.2,390
649566,1.465297,13.017566,77.558127,23.69,844.9,1680,5.28,156,135, 2020-04-24T19:20:13.163+0530 ,N ,255107957,647834,45.49,0,-1,390
652430,1.465297,13.017663,77.558087,24.94,844.9,1680,5.28,156,135, 2020-04-24T19:20:16.026+0530 ,N ,255110818,647834,45.49,0,-1,390
655205,1.491151,13.017731,77.558067,22.8,844.9,1708,5.56,168,128, 2020-04-24T19:20:18.802+0530 ,Y ,255113598,657802,43.29,0.02,0,468
658060,1.491151,13.017812,77.558035,21.77,844.9,1708,5.56,168,128, 2020-04-24T19:20:21.656+0530 ,N ,255116432,657802,43.29,0.02,-1,468
660873,1.491151,13.017864,77.55801,23.42,844.9,1708,5.56,168,128, 2020-04-24T19:20:24.469+0530 ,N ,255119258,657802,43.29,0.02,-1,468
664002,1.510851,13.017894,77.557994,25.42,844.9,1736,6.14,168,132, 2020-04-24T19:20:27.598+0530 ,Y ,255122379,667770,47.08,0,0,445
666759,1.510851,13.017892,77.558009,26.79,844.9,1736,6.14,168,132, 2020-04-24T19:20:30.356+0530 ,N ,255125158,667770,47.08,0,-1,445
669551,1.510851,13.017853,77.558019,26.31,844.9,1736,6.14,168,132, 2020-04-24T19:20:33.148+0530 ,N ,255127932,667770,47.08,0,-1,445
672699,1.521704,13.017801,77.558024,24.21,844.9,1736,7.47,168,132, 2020-04-24T19:20:36.296+0530 ,Y ,255131092,667770,47.08,0,0,445
675754,1.521704,13.017754,77.558041,22.78,844.9,1763,7.47,162,126, 2020-04-24T19:20:39.350+0530 ,N ,255134154,677738,79.84,0,-1,460
678921,1.521704,13.017692,77.558066,22.62,844.9,1763,7.47,162,126, 2020-04-24T19:20:42.517+0530 ,N ,255137313,677738,79.84,0,-1,460
682027,1.542572,13.017623,77.55809,23.38,844.9,1763,8.44,162,126, 2020-04-24T19:20:45.623+0530 ,Y ,255140414,677738,79.84,0,0,460
684799,1.542572,13.017584,77.558109,25.05,844.9,1790,8.44,162,130, 2020-04-24T19:20:48.395+0530 ,N ,255143190,687707,33.74,0.01,-1,453
687539,1.542572,13.017523,77.55814,27.07,844.9,1790,8.44,162,130, 2020-04-24T19:20:51.136+0530 ,N ,255145937,687707,33.74,0.01,-1,453
694320,1.556801,13.017505,77.558141,30.84,845.1,1812,10.46,132,128, 2020-04-24T19:20:57.916+0530 ,Y ,255152382,697675,37.03,0.01,0.2,476
694617,1.556801,13.017519,77.558318,39.59,845.1,1812,10.46,132,128, 2020-04-24T19:21:24.949+0530 ,N ,255176397,697675,37.03,0.01,-1,476
698258,1.556801,13.017437,77.558301,33.69,845.1,1812,10.46,132,128, 2020-04-24T19:21:28.590+0530 ,N ,255183372,697675,37.03,0.01,-1,476
701247,1.595017,13.017419,77.558268,22.43,845.1,1812,3.01,132,128, 2020-04-24T19:21:31.580+0530 ,Y ,255186367,697675,37.03,0.01,845.1,476
704156,1.595017,13.017344,77.558306,23.61,845.1,1812,3.01,132,128, 2020-04-24T19:21:34.488+0530 ,N ,255189292,697675,37.03,0.01,-1,476
706962,1.595017,13.017299,77.558326,30.15,845.1,1838,3.01,157,118, 2020-04-24T19:21:37.295+0530 ,N ,255192087,707565,57.22,0.01,-1,523
709727,1.612492,13.017273,77.558331,25.26,852,1838,4.24,157,118, 2020-04-24T19:21:40.060+0530 ,Y ,255194863,707565,57.22,0.01,6.9,523
712523,1.612492,13.017227,77.558366,21.83,852,1838,4.24,157,118, 2020-04-24T19:21:42.855+0530 ,N ,255197649,707565,57.22,0.01,-1,523
715686,1.612492,13.017187,77.558381,21.82,852,1866,4.24,168,123, 2020-04-24T19:21:46.018+0530 ,N ,255200810,717532,45.66,0.01,-1,484
718811,1.629595,13.017143,77.558416,23.86,845.7,1866,5.17,168,123, 2020-04-24T19:21:49.144+0530 ,Y ,255203911,717532,45.66,0.01,-6.3,484
721575,1.629595,13.017117,77.558442,28.27,845.7,1866,5.17,168,123, 2020-04-24T19:21:51.908+0530 ,N ,255206706,717532,45.66,0.01,-1,484
724397,1.629595,13.016992,77.558427,26.43,845.7,1866,5.17,168,123, 2020-04-24T19:21:54.730+0530 ,N ,255209482,717532,45.66,0.01,-1,484
727160,1.657328,13.016893,77.558437,21.88,862.2,1894,6.53,168,125, 2020-04-24T19:21:57.493+0530 ,Y ,255212269,727500,46.96,0.01,16.5,476
729864,1.657328,13.016841,77.558441,21.72,862.2,1894,6.53,168,125, 2020-04-24T19:22:00.197+0530 ,N ,255214985,727500,46.96,0.01,-1,476
732636,1.657328,13.016764,77.558464,21.28,862.2,1894,6.53,168,125, 2020-04-24T19:22:02.968+0530 ,N ,255217762,727500,46.96,0.01,-1,476
735709,1.676756,13.016721,77.558473,21.09,862.2,1922,6.41,168,128, 2020-04-24T19:22:06.041+0530 ,Y ,255220843,737468,41.34,0,0,460
738779,1.676756,13.01667,77.558494,20.7,862.2,1922,6.41,168,128, 2020-04-24T19:22:09.114+0530 ,N ,255223906,737468,41.34,0,-1,460
741542,1.684862,13.016656,77.558506,19.05,848.1,1922,7.1,168,128, 2020-04-24T19:22:11.875+0530 ,Y ,255226672,737468,41.34,0,-14.1,460
744280,1.689956,13.01663,77.558545,18.82,848.1,1922,9.03,168,128, 2020-04-24T19:22:14.613+0530 ,Y ,255229409,737468,41.34,0,0,460
747263,1.696014,13.016596,77.558589,19.01,848.1,1949,9.28,162,126, 2020-04-24T19:22:17.595+0530 ,Y ,255232392,747435,51.76,0.01,0,468
750442,1.699703,13.016577,77.558616,18.87,848.1,1949,9.54,162,126, 2020-04-24T19:22:20.778+0530 ,Y ,255235572,747435,51.76,0.01,0,468
753132,1.705587,13.016548,77.558662,19.1,848.1,1949,9.18,162,126, 2020-04-24T19:22:23.465+0530 ,Y ,255238252,747435,51.76,0.01,0,468
756544,1.712544,13.016508,77.558712,18.92,848.1,1975,9.17,156,127, 2020-04-24T19:22:26.877+0530 ,Y ,255241669,757402,54.2,0,0,445
759622,1.719464,13.016452,77.558739,19.47,848.1,1975,7.43,156,127, 2020-04-24T19:22:29.955+0530 ,Y ,255244747,757402,54.2,0,0,445
762639,1.719464,13.016408,77.558754,20.83,848.1,1975,7.43,156,127, 2020-04-24T19:22:32.972+0530 ,N ,255247769,757402,54.2,0,-1,445
765958,1.761458,13.016153,77.558979,19.22,848.1,1999,4.35,144,127, 2020-04-24T19:22:36.291+0530 ,Y ,255251087,767370,46.36,0.02,0,484
768798,1.768868,13.016139,77.559046,17.01,848.1,1999,4.21,144,127, 2020-04-24T19:22:39.131+0530 ,Y ,255253912,767370,46.36,0.02,0,484
771489,1.774386,13.016114,77.55909,17.73,848.1,1999,4.26,144,127, 2020-04-24T19:22:41.822+0530 ,Y ,255256610,767370,46.36,0.02,0,484
774536,1.783288,13.01607,77.559158,18.78,848.1,1999,6.36,144,127, 2020-04-24T19:22:44.868+0530 ,Y ,255259671,767370,46.36,0.02,0,484
777574,1.783288,13.016017,77.559206,20.91,848.1,2024,6.36,150,132, 2020-04-24T19:22:47.906+0530 ,N ,255262703,777337,46.62,0.01,-1,460
780999,1.783288,13.015984,77.55922,23.79,848.1,2024,6.36,150,132, 2020-04-24T19:22:51.331+0530 ,N ,255266130,777337,46.62,0.01,-1,460
783721,1.799835,13.015944,77.559241,25.83,848.1,2024,7.23,150,132, 2020-04-24T19:22:54.054+0530 ,Y ,255268847,777337,46.62,0.01,0,460
786858,1.799835,13.015911,77.559244,28.84,848.1,2048,7.23,144,132, 2020-04-24T19:22:57.191+0530 ,N ,255271968,787305,39.97,0.03,-1,460
789555,1.799835,13.015861,77.559251,29.7,848.1,2048,7.23,144,132, 2020-04-24T19:22:59.887+0530 ,N ,255274684,787305,39.97,0.03,-1,460
792280,1.815028,13.015811,77.559273,30.27,848.1,2048,7.42,144,132, 2020-04-24T19:23:02.613+0530 ,Y ,255277411,787305,39.97,0.03,0,460
795047,1.815028,13.015717,77.559321,28.87,848.1,2075,7.42,162,132, 2020-04-24T19:23:05.379+0530 ,N ,255280167,797273,48.77,0.01,-1,312
798818,1.815028,13.015586,77.559357,26.58,848.1,2075,7.42,162,132, 2020-04-24T19:23:09.151+0530 ,N ,255283947,797273,48.77,0.01,-1,312
802221,1.850377,13.015517,77.559401,24.31,836,2075,7.01,162,132, 2020-04-24T19:23:12.553+0530 ,Y ,255287344,797273,48.77,0.01,-12.1,312
805002,1.850377,13.015489,77.559427,23.56,836,2099,7.01,144,132, 2020-04-24T19:23:15.335+0530 ,N ,255290129,807240,59.6,0,-1,453
808100,1.850377,13.015423,77.559487,24.37,836,2099,7.01,144,132, 2020-04-24T19:23:18.432+0530 ,N ,255293231,807240,59.6,0,-1,453
810779,1.868879,13.01539,77.559513,24.33,847,2099,6.4,144,132, 2020-04-24T19:23:21.111+0530 ,Y ,255295909,807240,59.6,0,11,453
813533,1.868879,13.015333,77.55956,23.75,847,2099,6.4,144,132, 2020-04-24T19:23:23.865+0530 ,N ,255298665,807240,59.6,0,-1,453
816258,1.868879,13.015307,77.559583,23.42,847,2125,6.4,156,129, 2020-04-24T19:23:26.591+0530 ,N ,255301378,817207,63.6,0.02,-1,429
819118,1.894484,13.015194,77.559638,22.81,846,2125,5.41,156,129, 2020-04-24T19:23:29.450+0530 ,Y ,255304246,817207,63.6,0.02,-1,429
821880,1.894484,13.015178,77.559601,21.66,846,2125,5.41,156,129, 2020-04-24T19:23:32.212+0530 ,N ,255307005,817207,63.6,0.02,-1,429
824598,1.894484,13.015205,77.559571,21.26,846,2149,5.41,144,133, 2020-04-24T19:23:34.931+0530 ,N ,255309729,827175,64.38,0.02,-1,445
827272,1.905011,13.015224,77.559546,21.49,844,2149,7.4,144,133, 2020-04-24T19:23:37.606+0530 ,Y ,255312371,827175,64.38,0.02,-2,445
830111,1.905011,13.015253,77.559509,21.94,844,2149,7.4,144,133, 2020-04-24T19:23:40.444+0530 ,N ,255315243,827175,64.38,0.02,-1,445
833577,1.905011,13.015284,77.559455,22.46,844,2149,7.4,144,133, 2020-04-24T19:23:43.909+0530 ,N ,255318708,827175,64.38,0.02,-1,445
836656,1.920708,13.015303,77.559426,23.45,845,2177,8.17,168,129, 2020-04-24T19:23:46.989+0530 ,Y ,255321790,837142,57.29,0.01,1,476
839738,1.920708,13.015343,77.559373,24.8,845,2177,8.17,168,129, 2020-04-24T19:23:50.070+0530 ,N ,255324871,837142,57.29,0.01,-1,476
842484,1.920708,13.015362,77.55935,26.55,845,2177,8.17,168,129, 2020-04-24T19:23:52.817+0530 ,N ,255327608,837142,57.29,0.01,-1,476
845238,1.934146,13.01538,77.55933,27.39,850,2206,11.02,174,132, 2020-04-24T19:23:55.571+0530 ,Y ,255330363,847110,39.36,0,5,453
848238,1.934146,13.015408,77.559288,29.05,850,2206,11.02,174,132, 2020-04-24T19:23:58.571+0530 ,N ,255333366,847110,39.36,0,-1,453
850975,1.934146,13.015423,77.559264,30.9,850,2206,11.02,174,132, 2020-04-24T19:24:01.307+0530 ,N ,255336104,847110,39.36,0,-1,453
854053,1.951108,13.015462,77.559198,34.11,851,2206,9.41,174,132, 2020-04-24T19:24:04.386+0530 ,Y ,255339184,847110,39.36,0,1,453
856795,1.951108,13.01548,77.559161,36.99,851,2233,9.41,162,133, 2020-04-24T19:24:07.128+0530 ,N ,255341930,857077,46.28,0.01,-1,445
859833,1.951108,13.015511,77.559117,38.24,851,2233,9.41,162,133, 2020-04-24T19:24:10.165+0530 ,N ,255344962,857077,46.28,0.01,-1,445
862540,1.962232,13.015541,77.559134,35.88,848,2233,10.25,162,133, 2020-04-24T19:24:12.872+0530 ,Y ,255347670,857077,46.28,0.01,-3,445
865650,1.962232,13.015581,77.559119,34.44,848,2254,10.25,126,136, 2020-04-24T19:24:15.983+0530 ,N ,255350784,867045,43.89,0.02,-1,437
868582,1.962232,13.015638,77.559121,33.26,848,2254,10.25,126,136, 2020-04-24T19:24:18.914+0530 ,N ,255353704,867045,43.89,0.02,-1,437
871091,1.977222,13.015671,77.559094,33.03,836,2254,10.01,126,136, 2020-04-24T19:24:21.425+0530 ,Y ,255356224,867045,43.89,0.02,-12,437
873877,1.977222,13.01573,77.559051,33.17,836,2254,10.01,126,136, 2020-04-24T19:24:24.210+0530 ,N ,255358991,867045,43.89,0.02,-1,437
876894,1.977222,13.015764,77.559031,33.23,836,2283,10.01,174,138, 2020-04-24T19:24:27.226+0530 ,N ,255362022,877012,50.04,0.01,-1,429
879597,1.995735,13.015813,77.559005,31.96,832,2283,9.33,174,138, 2020-04-24T19:24:29.930+0530 ,Y ,255364729,877012,50.04,0.01,-4,429
882719,1.995735,13.015842,77.558992,31.65,832,2283,9.33,174,138, 2020-04-24T19:24:33.052+0530 ,N ,255367850,877012,50.04,0.01,-1,429
885417,1.995735,13.015864,77.558971,32.96,832,2311,9.33,168,137, 2020-04-24T19:24:35.750+0530 ,N ,255370548,886979,41.05,0.01,-1,414
888149,2.00994,13.015924,77.558938,32.78,828,2311,8.57,168,137, 2020-04-24T19:24:38.481+0530 ,Y ,255373264,886979,41.05,0.01,-4,414
891190,2.00994,13.015959,77.558919,32.04,828,2311,8.57,168,137, 2020-04-24T19:24:41.522+0530 ,N ,255376325,886979,41.05,0.01,-1,414
893930,2.00994,13.016024,77.558875,32.94,828,2311,8.57,168,137, 2020-04-24T19:24:44.262+0530 ,N ,255379062,886979,41.05,0.01,-1,414
897219,2.033631,13.016108,77.558826,31.55,853,2337,7.45,156,138, 2020-04-24T19:24:47.552+0530 ,Y ,255382351,896947,44.88,0.02,25,437
900039,2.033631,13.01623,77.558771,29.14,853,2337,7.45,156,138, 2020-04-24T19:24:50.372+0530 ,N ,255385165,896947,44.88,0.02,-1,437
903158,2.033631,13.016353,77.558746,26.54,853,2337,7.45,156,138, 2020-04-24T19:24:53.491+0530 ,N ,255388287,896947,44.88,0.02,-1,437
905894,2.069854,13.016416,77.558713,26.24,839,2361,5.55,144,137, 2020-04-24T19:24:56.227+0530 ,Y ,255391022,906915,51.93,0.01,-14,437
908940,2.069854,13.016495,77.558663,27.36,839,2361,5.55,144,137, 2020-04-24T19:24:59.272+0530 ,N ,255394070,906915,51.93,0.01,-1,437
911668,2.069854,13.016542,77.558625,28.19,839,2361,5.55,144,137, 2020-04-24T19:25:02.000+0530 ,N ,255396791,906915,51.93,0.01,-1,437
914752,2.098173,13.016622,77.558559,28.88,848.1,2387,5,156,135, 2020-04-24T19:25:05.085+0530 ,Y ,255399882,916882,73.99,0.01,9.1,445
917499,2.098173,13.016692,77.558514,27.08,848.1,2387,5,156,135, 2020-04-24T19:25:07.831+0530 ,N ,255402630,916882,73.99,0.01,-1,445
920239,2.098173,13.016921,77.55854,25.48,848.1,2387,5,156,135, 2020-04-24T19:25:10.571+0530 ,N ,255405366,916882,73.99,0.01,-1,445
923401,2.137142,13.016974,77.558537,22.77,848.1,2387,4.13,156,135, 2020-04-24T19:25:13.735+0530 ,Y ,255408525,916882,73.99,0.01,0,445
926032,2.137142,13.017008,77.558525,23.58,848.1,2413,4.13,156,133, 2020-04-24T19:25:16.364+0530 ,N ,255411164,926850,63.84,0.01,-1,406
928830,2.137142,13.017068,77.558485,24.14,848.1,2413,4.13,156,133, 2020-04-24T19:25:19.163+0530 ,N ,255413951,926850,63.84,0.01,-1,406
931597,2.155385,13.017098,77.558426,24.11,845.5,2413,5.02,156,133, 2020-04-24T19:25:21.929+0530 ,Y ,255416726,926850,63.84,0.01,-2.6,406
934694,2.155385,13.01716,77.558344,23.73,845.5,2440,5.02,162,132, 2020-04-24T19:25:25.026+0530 ,N ,255419826,936816,49.98,0.01,-1,421
937469,2.155385,13.017205,77.558292,21.93,845.5,2440,5.02,162,132, 2020-04-24T19:25:27.801+0530 ,N ,255422602,936816,49.98,0.01,-1,421
940231,2.18148,13.017262,77.558253,21.17,845.1,2440,5.08,162,132, 2020-04-24T19:25:30.563+0530 ,Y ,255425349,936816,49.98,0.01,-0.4,421
943327,2.18148,13.017301,77.558203,22.27,845.1,2440,5.08,162,132, 2020-04-24T19:25:33.660+0530 ,N ,255428450,936816,49.98,0.01,-1,421
946445,2.18148,13.0174,77.558137,24.91,845.1,2467,5.08,162,131, 2020-04-24T19:25:36.777+0530 ,N ,255431570,946784,72.56,0.01,-1,460
949217,2.2105,13.017462,77.55808,25.5,845.1,2467,5.54,162,131, 2020-04-24T19:25:39.549+0530 ,Y ,255434346,946784,72.56,0.01,0,460
951979,2.2105,13.017513,77.558076,24.73,845.1,2467,5.54,162,131, 2020-04-24T19:25:42.313+0530 ,N ,255437103,946784,72.56,0.01,-1,460
954739,2.2105,13.01759,77.558026,23.33,845.1,2495,5.54,168,128, 2020-04-24T19:25:45.074+0530 ,N ,255439870,956751,47.94,0.02,-1,484
957840,2.231616,13.017631,77.55799,22.04,868.1,2495,5.45,168,128, 2020-04-24T19:25:48.172+0530 ,Y ,255442970,956751,47.94,0.02,23,484
960553,2.231616,13.017702,77.557948,21.97,868.1,2495,5.45,168,128, 2020-04-24T19:25:50.886+0530 ,N ,255445687,956751,47.94,0.02,-1,484
963318,2.231616,13.017765,77.557933,21.72,868.1,2495,5.45,168,128, 2020-04-24T19:25:53.650+0530 ,N ,255448449,956751,47.94,0.02,-1,484
966076,2.252288,13.017796,77.5579,22.49,868.1,2523,6.06,168,131, 2020-04-24T19:25:56.408+0530 ,Y ,255451211,966718,44.89,0.02,0,500
968903,2.252288,13.017852,77.557852,23.93,868.1,2523,6.06,168,131, 2020-04-24T19:25:59.235+0530 ,N ,255454025,966718,44.89,0.02,-1,500
971740,2.252288,13.017863,77.557869,23.91,868.1,2523,6.06,168,131, 2020-04-24T19:26:02.072+0530 ,N ,255456870,966718,44.89,0.02,-1,500
974514,2.256391,13.017831,77.557911,22.24,868.1,2549,9.11,156,126, 2020-04-24T19:26:04.847+0530 ,Y ,255459646,976685,66.49,0.01,0,421
977217,2.256391,13.017803,77.557942,20.6,868.1,2549,9.11,156,126, 2020-04-24T19:26:07.550+0530 ,N ,255462343,976685,66.49,0.01,-1,421
979941,2.268587,13.017745,77.557982,19.71,868.1,2549,9.32,156,126, 2020-04-24T19:26:10.274+0530 ,Y ,255465071,976685,66.49,0.01,0,421
983016,2.268587,13.017689,77.55803,20.17,868.1,2549,9.32,156,126, 2020-04-24T19:26:13.349+0530 ,N ,255468151,976685,66.49,0.01,-1,421
986102,2.268587,13.017642,77.558069,21.52,868.1,2577,9.32,168,136, 2020-04-24T19:26:16.435+0530 ,N ,255471223,986652,51.5,0.01,-1,437
988770,2.289884,13.017595,77.558104,22.65,845.1,2577,9.43,168,136, 2020-04-24T19:26:19.102+0530 ,Y ,255473890,986652,51.5,0.01,-23,437
991537,2.289884,13.01756,77.558118,22.92,845.1,2577,9.43,168,136, 2020-04-24T19:26:21.870+0530 ,N ,255476667,986652,51.5,0.01,-1,437
994624,2.289884,13.017493,77.558157,24.11,845.1,2600,9.43,138,136, 2020-04-24T19:26:24.960+0530 ,N ,255479748,996619,55.08,0.02,-1,414
997282,2.30609,13.017461,77.558166,25.23,845.1,2600,7.37,138,136, 2020-04-24T19:26:27.614+0530 ,Y ,255482387,996619,55.08,0.02,0,414
1000101,2.30609,13.017406,77.558201,25.49,845.1,2600,7.37,138,136, 2020-04-24T19:26:30.433+0530 ,N ,255485231,996619,55.08,0.02,-1,414
1003100,2.30609,13.017371,77.55823,25.45,845.1,2600,7.37,138,136, 2020-04-24T19:26:33.433+0530 ,N ,255488224,996619,55.08,0.02,-1,414
1005838,2.32344,13.017334,77.558259,26.73,845.7,2626,7.53,156,137, 2020-04-24T19:26:36.171+0530 ,Y ,255490970,1006587,51.9,0.02,0.6,429
1008944,2.32344,13.017243,77.558321,26.85,845.7,2626,7.53,156,137, 2020-04-24T19:26:39.276+0530 ,N ,255494071,1006587,51.9,0.02,-1,429
1011656,2.32344,13.017166,77.558341,24.86,845.7,2626,7.53,156,137, 2020-04-24T19:26:41.988+0530 ,N ,255496787,1006587,51.9,0.02,-1,429
1014445,2.355477,13.017076,77.558394,22.6,862.2,2652,6.32,156,138, 2020-04-24T19:26:44.777+0530 ,Y ,255499524,1016555,37.97,0.01,16.5,421
1017258,2.355477,13.017039,77.558424,21.62,862.2,2652,6.32,156,138, 2020-04-24T19:26:47.590+0530 ,N ,255502372,1016555,37.97,0.01,-1,421
1020214,2.367531,13.016967,77.558398,19.47,862.2,2652,6.23,156,138, 2020-04-24T19:26:50.547+0530 ,Y ,255505342,1016555,37.97,0.01,0,421
1022958,2.376644,13.016902,77.55845,19.01,862.2,2652,5.28,156,138, 2020-04-24T19:26:53.290+0530 ,Y ,255508089,1016555,37.97,0.01,0,421
1026059,2.376644,13.016855,77.558485,20.52,862.2,2675,5.28,138,139, 2020-04-24T19:26:56.391+0530 ,N ,255511190,1026523,39.57,0.01,-1,398
1028807,2.376644,13.016798,77.558533,21.5,862.2,2675,5.28,138,139, 2020-04-24T19:26:59.139+0530 ,N ,255513929,1026523,39.57,0.01,-1,398
1031558,2.394785,13.016772,77.558551,21.88,862.2,2675,6.39,138,139, 2020-04-24T19:27:01.890+0530 ,Y ,255516684,1026523,39.57,0.01,0,398
1035221,2.394785,13.01671,77.558604,22.77,862.2,2701,6.39,156,140, 2020-04-24T19:27:05.553+0530 ,N ,255520344,1036490,52.72,0,-1,421
1037988,2.394785,13.016687,77.558627,22.79,862.2,2701,6.39,156,140, 2020-04-24T19:27:08.320+0530 ,N ,255523112,1036490,52.72,0,-1,421
1041037,2.411995,13.01666,77.558661,23.68,862.2,2701,6.54,156,140, 2020-04-24T19:27:11.371+0530 ,Y ,255526162,1036490,52.72,0,0,421
1043779,2.411995,13.016626,77.558704,25.59,862.2,2724,6.54,138,140, 2020-04-24T19:27:14.112+0530 ,N ,255528910,1046458,42.39,0.01,-1,429
1046516,2.411995,13.016586,77.558755,27.11,862.2,2724,6.54,138,140, 2020-04-24T19:27:16.848+0530 ,N ,255531645,1046458,42.39,0.01,-1,429
1049262,2.435785,13.01652,77.558828,27.98,862.2,2724,7.2,138,140, 2020-04-24T19:27:19.595+0530 ,Y ,255534391,1046458,42.39,0.01,0,429
1052276,2.435785,13.016486,77.558863,28.98,862.2,2724,7.2,138,140, 2020-04-24T19:27:22.608+0530 ,N ,255537379,1046458,42.39,0.01,-1,429
1055076,2.435785,13.016428,77.55892,30.16,862.2,2751,7.2,162,140, 2020-04-24T19:27:25.408+0530 ,N ,255540209,1056425,61.11,0,-1,476
1057874,2.455214,13.016393,77.558952,31.62,862.2,2751,7.11,162,140, 2020-04-24T19:27:28.206+0530 ,Y ,255543006,1056425,61.11,0,0,476
1060640,2.455214,13.016338,77.559012,34.1,862.2,2751,7.11,162,140, 2020-04-24T19:27:30.973+0530 ,N ,255545771,1056425,61.11,0,-1,476
1063694,2.455214,13.016308,77.55905,37.27,862.2,2777,7.11,156,134, 2020-04-24T19:27:34.027+0530 ,N ,255548823,1066393,72.85,0,-1,437
1066419,2.47438,13.01628,77.559085,39.56,862.2,2777,6.46,156,134, 2020-04-24T19:27:36.752+0530 ,Y ,255551553,1066393,72.85,0,0,437
1069480,2.47438,13.016218,77.559121,38.77,862.2,2777,6.46,156,134, 2020-04-24T19:27:39.812+0530 ,N ,255554611,1066393,72.85,0,-1,437
1072268,2.47438,13.016168,77.559152,35.1,862.2,2777,6.46,156,134, 2020-04-24T19:27:42.600+0530 ,N ,255557376,1066393,72.85,0,-1,437
1075321,2.501476,13.016068,77.559211,32.81,845,2805,6.38,168,141, 2020-04-24T19:27:45.654+0530 ,Y ,255560448,1076361,58.96,0,-17.2,367
1078033,2.501476,13.016013,77.55924,30.78,845,2805,6.38,168,141, 2020-04-24T19:27:48.365+0530 ,N ,255563168,1076361,58.96,0,-1,367
1080730,2.501476,13.015951,77.559278,29.63,845,2805,6.38,168,141, 2020-04-24T19:27:51.062+0530 ,N ,255565862,1076361,58.96,0,-1,367
1083457,2.523926,13.015894,77.559318,28.91,844,2805,6.13,168,141, 2020-04-24T19:27:53.790+0530 ,Y ,255568589,1076361,58.96,0,-1,367
1086197,2.523926,13.015849,77.559353,28.76,844,2831,6.13,156,140, 2020-04-24T19:27:56.529+0530 ,N ,255571325,1086329,42.13,0.02,-1,335
1089236,2.523926,13.015796,77.5594,29.43,844,2831,6.13,156,140, 2020-04-24T19:27:59.570+0530 ,N ,255574371,1086329,42.13,0.02,-1,335
1092018,2.544718,13.015753,77.559444,29.53,843,2831,6.04,156,140, 2020-04-24T19:28:02.350+0530 ,Y ,255577144,1086329,42.13,0.02,-1,335
1095077,2.544718,13.01568,77.559507,29.46,843,2860,6.04,174,139, 2020-04-24T19:28:05.409+0530 ,N ,255580205,1096297,60.65,0,-1,429
1097850,2.544718,13.01564,77.559536,29.95,843,2860,6.04,174,139, 2020-04-24T19:28:08.183+0530 ,N ,255582971,1096297,60.65,0,-1,429
1100945,2.57523,13.015505,77.559568,33.17,835,2860,5.49,174,139, 2020-04-24T19:28:11.277+0530 ,Y ,255586080,1096297,60.65,0,-8,429
1103685,2.57523,13.015462,77.559601,36.83,835,2888,5.49,168,138, 2020-04-24T19:28:14.017+0530 ,N ,255588807,1106265,51.01,0.01,-1,429
1106778,2.57523,13.015419,77.559639,36.74,835,2888,5.49,168,138, 2020-04-24T19:28:17.110+0530 ,N ,255591908,1106265,51.01,0.01,-1,429
1109517,2.596734,13.015349,77.559686,35.87,847,2888,5.59,168,138, 2020-04-24T19:28:19.850+0530 ,Y ,255594646,1106265,51.01,0.01,12,429
1112262,2.596734,13.015307,77.559716,35.14,847,2888,5.59,168,138, 2020-04-24T19:28:22.594+0530 ,N ,255597375,1106265,51.01,0.01,-1,429
1115029,2.596734,13.015218,77.559769,34.48,847,2916,5.59,168,139, 2020-04-24T19:28:25.362+0530 ,N ,255600149,1116233,62.77,0.02,-1,421
1117781,2.622017,13.015149,77.559798,33.41,850,2916,5.34,168,139, 2020-04-24T19:28:28.113+0530 ,Y ,255602907,1116233,62.77,0.02,3,421
1120532,2.622017,13.015025,77.559774,32.62,850,2916,5.34,168,139, 2020-04-24T19:28:30.864+0530 ,N ,255605651,1116233,62.77,0.02,-1,421
1123596,2.622017,13.01495,77.559817,31.26,850,2942,5.34,156,139, 2020-04-24T19:28:33.929+0530 ,N ,255608723,1126201,62.97,0.01,-1,382
1126360,2.6511,13.014891,77.559847,31.46,852,2942,5.35,156,139, 2020-04-24T19:28:36.693+0530 ,Y ,255611489,1126201,62.97,0.01,2,382
1129153,2.6511,13.014809,77.559819,30.79,852,2942,5.35,156,139, 2020-04-24T19:28:39.485+0530 ,N ,255614284,1126201,62.97,0.01,-1,382
1131860,2.6511,13.014799,77.559814,28.67,852,2942,5.35,156,139, 2020-04-24T19:28:42.192+0530 ,N ,255616991,1126201,62.97,0.01,-1,382
1134931,2.657274,13.014864,77.559797,26.29,845,2967,6.58,150,140, 2020-04-24T19:28:45.264+0530 ,Y ,255620062,1136169,69.59,0.01,-7,406
1137664,2.657274,13.014912,77.559781,25.36,845,2967,6.58,150,140, 2020-04-24T19:28:47.996+0530 ,N ,255622794,1136169,69.59,0.01,-1,406
1140717,2.657274,13.014963,77.559753,25.13,845,2967,6.58,150,140, 2020-04-24T19:28:51.051+0530 ,N ,255625850,1136169,69.59,0.01,-1,406
1143458,2.674371,13.015005,77.559732,25.27,843,2994,8.11,162,139, 2020-04-24T19:28:53.791+0530 ,Y ,255628588,1146137,68.77,0,-2,421
1146175,2.674371,13.015041,77.55971,25.72,843,2994,8.11,162,139, 2020-04-24T19:28:56.507+0530 ,N ,255631304,1146137,68.77,0,-1,421
1149261,2.674371,13.015087,77.559682,26.5,843,2994,8.11,162,139, 2020-04-24T19:28:59.594+0530 ,N ,255634388,1146137,68.77,0,-1,421
1152303,2.691695,13.015137,77.559646,26,845,2994,10.4,162,139, 2020-04-24T19:29:02.636+0530 ,Y ,255637426,1146137,68.77,0,2,421
1155073,2.691695,13.015196,77.559592,26.64,845,3020,10.4,156,140, 2020-04-24T19:29:05.406+0530 ,N ,255640202,1156104,52.59,0.01,-1,429
1157798,2.691695,13.015225,77.55956,27.63,845,3020,10.4,156,140, 2020-04-24T19:29:08.130+0530 ,N ,255642929,1156104,52.59,0.01,-1,429
1160536,2.709295,13.015244,77.559526,27.87,846,3020,8.12,156,140, 2020-04-24T19:29:10.868+0530 ,Y ,255645666,1156104,52.59,0.01,1,429
1163265,2.709295,13.015305,77.559479,29.04,846,3020,8.12,156,140, 2020-04-24T19:29:13.598+0530 ,N ,255648383,1156104,52.59,0.01,-1,429
1165980,2.709295,13.015359,77.559442,29.48,846,3049,8.12,174,138, 2020-04-24T19:29:16.313+0530 ,N ,255651109,1166072,43.06,0.02,-1,429
1168749,2.732447,13.015417,77.559405,28.21,842,3049,7.14,174,138, 2020-04-24T19:29:19.082+0530 ,Y ,255653866,1166072,43.06,0.02,-4,429
1171816,2.732447,13.015484,77.559352,27.93,842,3049,7.14,174,138, 2020-04-24T19:29:22.149+0530 ,N ,255656946,1166072,43.06,0.02,-1,429
1174547,2.732447,13.015536,77.559311,29.09,842,3077,7.14,168,137, 2020-04-24T19:29:24.879+0530 ,N ,255659683,1176039,48.12,0.01,-1,406
1177296,2.755746,13.015587,77.559279,28.81,841,3077,6.3,168,137, 2020-04-24T19:29:27.629+0530 ,Y ,255662429,1176039,48.12,0.01,-1,406
1180000,2.755746,13.015648,77.559238,28.78,841,3077,6.3,168,137, 2020-04-24T19:29:30.333+0530 ,N ,255665127,1176039,48.12,0.01,-1,406
1183035,2.755746,13.015696,77.559212,28.01,841,3077,6.3,168,137, 2020-04-24T19:29:33.367+0530 ,N ,255668168,1176039,48.12,0.01,-1,406
1185796,2.775333,13.015738,77.559184,27.77,838,3106,6.22,174,139, 2020-04-24T19:29:36.128+0530 ,Y ,255670924,1186007,51.91,0.02,-3,429
1188473,2.775333,13.015788,77.559145,27.92,838,3106,6.22,174,139, 2020-04-24T19:29:38.806+0530 ,N ,255673606,1186007,51.91,0.02,-1,429
1191532,2.775333,13.01586,77.559087,27.61,838,3106,6.22,174,139, 2020-04-24T19:29:41.865+0530 ,N ,255676663,1186007,51.91,0.02,-1,429
1194260,2.802012,13.015935,77.559043,28.7,843,3132,6.07,156,139, 2020-04-24T19:29:44.598+0530 ,Y ,255679390,1195974,47.84,0.01,5,429
1196977,2.802012,13.015975,77.559023,28.97,843,3132,6.07,156,139, 2020-04-24T19:29:47.309+0530 ,N ,255682107,1195974,47.84,0.01,-1,429
1200025,2.802012,13.016067,77.559009,28.47,843,3132,6.07,156,139, 2020-04-24T19:29:50.357+0530 ,N ,255685149,1195974,47.84,0.01,-1,429
1202776,2.82525,13.01614,77.558995,27.05,846,3132,6.07,156,139, 2020-04-24T19:29:53.108+0530 ,Y ,255687905,1195974,47.84,0.01,3,429
1205501,2.82525,13.016214,77.558983,27.14,846,3158,6.07,156,139, 2020-04-24T19:29:55.833+0530 ,N ,255690632,1205940,47.15,0,-1,445
1208569,2.82525,13.016294,77.558965,27.83,846,3158,6.07,156,139, 2020-04-24T19:29:58.902+0530 ,N ,255693703,1205940,47.15,0,-1,445
1211301,2.855496,13.016402,77.558914,27.45,849,3158,5.18,156,139, 2020-04-24T19:30:01.633+0530 ,Y ,255696429,1205940,47.15,0,3,445
1215356,2.855496,13.016507,77.558863,26.59,849,3181,5.18,138,141, 2020-04-24T19:30:05.688+0530 ,N ,255700485,1215907,50.68,0.03,-1,429
1218750,2.855496,13.016604,77.558788,25.07,849,3181,5.18,138,141, 2020-04-24T19:30:09.082+0530 ,N ,255703872,1215907,50.68,0.03,-1,429
1221465,2.888846,13.016654,77.558746,25.41,853,3181,5.14,138,141, 2020-04-24T19:30:11.798+0530 ,Y ,255706588,1215907,50.68,0.03,4,429
1224532,2.888846,13.016708,77.558664,26.07,853,3209,5.14,168,138, 2020-04-24T19:30:14.865+0530 ,N ,255709669,1225874,57.38,0,-1,437
1227211,2.888846,13.016738,77.558641,25.93,853,3209,5.14,168,138, 2020-04-24T19:30:17.543+0530 ,N ,255712327,1225874,57.38,0,-1,437
1229710,2.910369,13.016787,77.558601,26.83,849,3209,5.18,168,138, 2020-04-24T19:30:20.042+0530 ,Y ,255714829,1225874,57.38,0,-4,437
1232408,2.910369,13.016824,77.558574,27.92,849,3209,5.18,168,138, 2020-04-24T19:30:22.740+0530 ,N ,255717529,1225874,57.38,0,-1,437
1235433,2.910369,13.016884,77.558529,30.29,849,3238,5.18,174,137, 2020-04-24T19:30:25.765+0530 ,N ,255720566,1235842,54.95,0.02,-1,437
1238192,2.928773,13.016924,77.558505,30.67,845.1,3238,6.12,174,137, 2020-04-24T19:30:28.524+0530 ,Y ,255723324,1235842,54.95,0.02,-3.9,437
1240946,2.928773,13.016991,77.558452,29.87,845.1,3238,6.12,174,137, 2020-04-24T19:30:31.278+0530 ,N ,255726033,1235842,54.95,0.02,-1,437
1243664,2.928773,13.017069,77.558401,28.91,845.1,3267,6.12,174,137, 2020-04-24T19:30:33.997+0530 ,N ,255728787,1245809,61.54,0.01,-1,437
1246387,2.952252,13.017101,77.558386,30.26,882.3,3267,6.32,174,137, 2020-04-24T19:30:36.720+0530 ,Y ,255731502,1245809,61.54,0.01,37.2,437
1249081,2.952252,13.017146,77.558379,30.7,882.3,3267,6.32,174,137, 2020-04-24T19:30:39.413+0530 ,N ,255734209,1245809,61.54,0.01,-1,437
1251912,2.952252,13.017199,77.558343,26.97,882.3,3267,6.32,174,137, 2020-04-24T19:30:42.245+0530 ,N ,255737044,1245809,61.54,0.01,-1,437
1255053,2.971108,13.017257,77.558315,21.34,845.1,3292,6.56,150,134, 2020-04-24T19:30:45.385+0530 ,Y ,255740185,1255775,49.4,0.01,-37.2,445
1257816,2.971108,13.017297,77.558302,20.32,845.1,3292,6.56,150,134, 2020-04-24T19:30:48.149+0530 ,N ,255742951,1255775,49.4,0.01,-1,445
1260580,2.971108,13.017372,77.558275,20.6,845.1,3292,6.56,150,134, 2020-04-24T19:30:50.912+0530 ,N ,255745707,1255775,49.4,0.01,-1,445
1263325,2.989315,13.017406,77.558244,21.2,845.1,3316,6.54,144,135, 2020-04-24T19:30:53.657+0530 ,Y ,255748446,1265743,45.76,0.04,0,437
1266383,2.989315,13.017442,77.558227,22.49,845.1,3316,6.54,144,135, 2020-04-24T19:30:56.716+0530 ,N ,255751506,1265743,45.76,0.04,-1,437
1269493,2.989315,13.01749,77.558205,23.24,845.1,3316,6.54,144,135, 2020-04-24T19:30:59.826+0530 ,N ,255754625,1265743,45.76,0.04,-1,437
1272256,3.004029,13.017527,77.558187,23.66,845.1,3316,8.18,144,135, 2020-04-24T19:31:02.588+0530 ,Y ,255757392,1265743,45.76,0.04,0,437
1274982,3.004029,13.017586,77.558138,23.89,845.1,3339,8.18,138,135, 2020-04-24T19:31:05.315+0530 ,N ,255760108,1275710,88.64,0.02,-1,445
1277732,3.004029,13.017606,77.558063,22.36,845.1,3339,8.18,138,135, 2020-04-24T19:31:08.064+0530 ,N ,255762864,1275710,88.64,0.02,-1,445
1280465,3.029288,13.017656,77.557995,21.98,856.7,3339,7.13,138,135, 2020-04-24T19:31:10.798+0530 ,Y ,255765592,1275710,88.64,0.02,11.6,445
1283169,3.029288,13.017689,77.557958,23.11,856.7,3363,7.13,144,135, 2020-04-24T19:31:13.501+0530 ,N ,255768289,1285677,84.05,0.02,-1,437
1286241,3.029288,13.017761,77.557909,23.44,856.7,3363,7.13,144,135, 2020-04-24T19:31:16.573+0530 ,N ,255771370,1285677,84.05,0.02,-1,437
1289013,3.058851,13.017919,77.557948,21.09,856.7,3363,6.07,144,135, 2020-04-24T19:31:19.346+0530 ,Y ,255774146,1285677,84.05,0.02,0,437
1291743,3.06217,13.017911,77.557977,17.5,856.7,3363,6.27,144,135, 2020-04-24T19:31:22.076+0530 ,Y ,255776882,1285677,84.05,0.02,0,437
1294500,3.074155,13.018016,77.558003,16.82,856.7,3391,5.33,168,150, 2020-04-24T19:31:24.832+0530 ,Y ,255779626,1295644,63.26,0,0,429
1297641,3.083207,13.018085,77.558048,16.46,856.7,3391,5.55,168,139, 2020-04-24T19:31:27.974+0530 ,Y ,255782769,1295644,63.26,0,0,429
1300377,3.088019,13.018108,77.558086,16.84,856.7,3391,5.34,168,139, 2020-04-24T19:31:30.710+0530 ,Y ,255785505,1295644,63.26,0,0,429
1303104,3.094191,13.018142,77.558131,17.49,856.7,3420,7.15,174,140, 2020-04-24T19:31:33.437+0530 ,Y ,255788222,1305611,43.87,0.01,0,429
1306147,3.100577,13.018179,77.558176,19.16,856.7,3420,8.1,174,140, 2020-04-24T19:31:36.479+0530 ,Y ,255791283,1305611,43.87,0.01,0,429
1308911,3.100577,13.01822,77.558216,21.11,856.7,3420,8.1,174,140, 2020-04-24T19:31:39.243+0530 ,N ,255794035,1305611,43.87,0.01,-1,429
1311911,3.100577,13.01823,77.558278,23.02,856.7,3420,8.1,174,140, 2020-04-24T19:31:42.243+0530 ,N ,255797042,1305611,43.87,0.01,-1,429
1314668,3.116191,13.0182,77.558319,24.92,845.1,3446,8.04,156,142, 2020-04-24T19:31:45.000+0530 ,Y ,255799791,1315578,75.03,0.03,-11.6,421
1317264,3.116191,13.018169,77.558372,26.79,845.1,3446,8.04,156,142, 2020-04-24T19:31:47.596+0530 ,N ,255802376,1315578,75.03,0.03,-1,421
1320502,3.116191,13.018009,77.558427,27.68,845.1,3446,8.04,156,142, 2020-04-24T19:31:50.835+0530 ,N ,255805626,1315578,75.03,0.03,-1,421
1323597,3.176383,13.01766,77.558384,19.57,845.1,3473,4.41,162,140, 2020-04-24T19:31:53.929+0530 ,Y ,255808727,1325545,44.96,0.01,0,429
1326633,3.18136,13.017646,77.558428,15.31,845.1,3473,4.54,162,140, 2020-04-24T19:31:56.981+0530 ,Y ,255811769,1325545,44.96,0.01,0,429
1329734,3.190787,13.017605,77.558504,15.81,845.1,3473,4.23,162,140, 2020-04-24T19:32:00.067+0530 ,Y ,255814869,1325545,44.96,0.01,0,429
1332266,3.195396,13.017596,77.558545,17.46,845.1,3473,7.42,162,140, 2020-04-24T19:32:02.600+0530 ,Y ,255817383,1325545,44.96,0.01,0,429
1335211,3.207514,13.017501,77.558602,19.2,852,3500,5.34,162,144, 2020-04-24T19:32:05.543+0530 ,Y ,255820342,1335513,62.03,0.01,6.9,414
1337976,3.224348,13.017351,77.558573,17.34,852,3500,4.1,162,144, 2020-04-24T19:32:08.309+0530 ,Y ,255823108,1335513,62.03,0.01,0,414
1340478,3.233488,13.017269,77.558579,16.7,852,3500,3.37,162,144, 2020-04-24T19:32:10.810+0530 ,Y ,255825609,1335513,62.03,0.01,0,414
1343312,3.254888,13.017103,77.558478,15.73,862.2,3528,2.53,168,142, 2020-04-24T19:32:13.645+0530 ,Y ,255828444,1345480,92.2,0,10.2,429
1346099,3.262175,13.017041,77.558501,14.54,862.2,3528,3.37,168,142, 2020-04-24T19:32:16.432+0530 ,Y ,255831229,1345480,92.2,0,0,429
1348888,3.269903,13.016976,77.558526,15.41,862.2,3528,3.52,168,142, 2020-04-24T19:32:19.230+0530 ,Y ,255834025,1345480,92.2,0,0,429
1351620,3.278812,13.016899,77.558551,16.13,862.2,3528,5.47,168,142, 2020-04-24T19:32:21.952+0530 ,Y ,255836751,1345480,92.2,0,0,429
1354685,3.286702,13.016828,77.558563,16.41,862.2,3555,5.49,162,139, 2020-04-24T19:32:25.017+0530 ,Y ,255839822,1355447,64.02,0.01,0,429
1357421,3.292918,13.016773,77.558569,17.56,862.2,3555,6.1,162,139, 2020-04-24T19:32:27.758+0530 ,Y ,255842549,1355447,64.02,0.01,0,429
